{
  "eps": 1e-08,
  "params": {
    "goals": {
      "mean": 1.387310606060606,
      "std": 1.2516862791827201,
      "low": 0.0,
      "high": 9.0
    },
    "xg": {
      "mean": 1.3436379928315412,
      "std": 0.7936819629000125,
      "low": 0.0,
      "high": 5.9
    },
    "possession": {
      "mean": 50.00074027072758,
      "std": 11.177575031177891,
      "low": 17.0,
      "high": 83.0
    },
    "passes": {
      "mean": 387.10797377326566,
      "std": 128.07154250601772,
      "low": 90.0,
      "high": 1001.0
    },
    "pass_attempts": {
      "mean": 493.8077939932318,
      "std": 126.06312085624886,
      "low": 179.0,
      "high": 1090.0
    },
    "sots": {
      "mean": 4.089837140439933,
      "std": 2.4111339783209056,
      "low": 0.0,
      "high": 20.0
    },
    "shots": {
      "mean": 12.315302453468696,
      "std": 5.15468950925857,
      "low": 0.0,
      "high": 47.0
    },
    "saves": {
      "mean": 2.8726205583756346,
      "std": 1.9453718478246935,
      "low": 0.0,
      "high": 19.0
    },
    "yellow_cards": {
      "mean": 2.0489636209813873,
      "std": 1.394874541818443,
      "low": 0.0,
      "high": 9.0
    },
    "red_cards": {
      "mean": 0.09723984771573604,
      "std": 0.3136315625417955,
      "low": 0.0,
      "high": 3.0
    },
    "fouls": {
      "mean": 12.506528377382331,
      "std": 4.033867121137323,
      "low": 0.0,
      "high": 30.0
    },
    "corners": {
      "mean": 4.923291565757608,
      "std": 2.812721248533288,
      "low": 0.0,
      "high": 20.0
    },
    "crosses": {
      "mean": 18.171791091923765,
      "std": 8.075919334920727,
      "low": 0.0,
      "high": 64.0
    },
    "touches": {
      "mean": 602.8025245589944,
      "std": 121.50786664381691,
      "low": 278.0,
      "high": 1191.0
    },
    "tackles": {
      "mean": 16.337910636949402,
      "std": 5.141180358129991,
      "low": 2.0,
      "high": 46.0
    },
    "interceptions": {
      "mean": 10.900021059281878,
      "std": 4.231513851030998,
      "low": 0.0,
      "high": 31.0
    },
    "aerials_won": {
      "mean": 16.172652371395372,
      "std": 7.051682353980445,
      "low": 0.0,
      "high": 65.0
    },
    "clearances": {
      "mean": 20.27991972113658,
      "std": 9.424541026676694,
      "low": 0.0,
      "high": 80.0
    },
    "offsides": {
      "mean": 1.8963883331578393,
      "std": 1.6236824075567904,
      "low": 0.0,
      "high": 14.0
    },
    "goal_kicks": {
      "mean": 7.79502482306961,
      "std": 3.363986438871488,
      "low": 0.0,
      "high": 26.0
    },
    "throw_ins": {
      "mean": 20.986215274110066,
      "std": 6.199432958407229,
      "low": 3.0,
      "high": 49.0
    },
    "long_balls": {
      "mean": 71.21442906939896,
      "std": 15.198285231416905,
      "low": 20.0,
      "high": 160.0
    },
    "match_week": {
      "mean": 17.75565190461443,
      "std": 10.6217233354504,
      "low": 1.0,
      "high": 38.0
    },
    "time": {
      "mean": 1051.970223063973,
      "std": 161.7775329735583,
      "low": 720.0,
      "high": 1350.0
    },
    "attendance": {
      "mean": 29220.94318026979,
      "std": 18433.892779302347,
      "low": 13.0,
      "high": 97939.0
    },
    "days_since_last_game": {
      "mean": 10.533580705009276,
      "std": 32.29195413696501,
      "low": 2.0,
      "high": 1531.0
    }
  }
}